{
    "author":"Jenner Hanni",
    "bom_dir":"bom",
    "company":"Wickerbox Electronics",
    "date_create":"01 Apr 2017",
    "date_update":"01 Apr 2017",
    "description":"Example project to demonstrate manufacturing layers in KiCad",
    "email":"jenner@wickerbox.net",
    "gerbers_dir":"gerbers",
    "lib_dir":"/home/wicker/wickerlib/libraries",
    "license":"CERN Open Hardware License v1.2",
    "projname":"throwie-layers",
    "template_dir":"/home/wicker/wickerlib/templates",
    "template_kicad":"wickerbox-2layer",
    "template_latex":"breakout.tex",
    "title":"Simple Throwie Board",
    "version":"1.0",
    "website":"http://wickerbox.net"
}